review_id,order_id,review_score,review_comment_title,review_comment_message,review_creation_date,review_answer_timestamp,review_comment_message_english
e64fb393e7b32834bb789ff8bb30750e,658677c97b385a9be170737859d3511b,5,,Recebi bem antes do prazo estipulado.,2017-04-21 00:00:00,2017-04-21 22:02:06,I received it well before the stipulated deadline.
f7c4243c7fe1938f181bec41a392bdeb,8e6bfb81e283fa7e4f11123a3fb894f1,5,,Parabéns lojas lannister adorei comprar pela Internet seguro e prático Parabéns a todos feliz Páscoa,2018-03-01 00:00:00,2018-03-02 10:26:53,Congratulations to lannister stores I loved to buy the Internet safe and practical Congratulations to all happy Easter
8670d52e15e00043ae7de4c01cc2fe06,b9bf720beb4ab3728760088589c62129,4,recomendo,aparelho eficiente. no site a marca do aparelho esta impresso como 3desinfector e ao chegar esta com outro nome...atualizar com a marca correta uma vez que é o mesmo aparelho,2018-05-22 00:00:00,2018-05-23 16:45:47,the website the brand of the device is printed as 3 disinfector and arrived with another name... update with the correct brand since it is the same device.
4b49719c8a200003f700d3d986ea1a19,9d6f15f95d01e79bd1349cc208361f09,4,,"Mas um pouco ,travando...pelo valor ta Boa.
",2018-02-16 00:00:00,2018-02-20 10:52:22,"But a little , locking...by the value ta Good."
3948b09f7c818e2d86c9a546758b2335,e51478e7e277a83743b6f9991dbfa3fb,5,Super recomendo,"Vendedor confiável, produto ok e entrega antes do prazo.",2018-05-23 00:00:00,2018-05-24 03:00:01,"Reliable seller, product ok and delivery before the deadline."
9314d6f9799f5bfba510cc7bcd468c01,0dacf04c5ad59fd5a0cc1faa07c34e39,2,,"GOSTARIA DE SABER O QUE HOUVE, SEMPRE RECEBI E ESSA COMPRA AGORA ME DECPCIONOU",2018-01-18 00:00:00,2018-01-20 21:25:45,"HOW TO KEEP WHAT I HOUVE, IMPLEMENT RECEBI AND THE FOLLOWING HOW TO DECIDED AS FOLLOWING"
373cbeecea8286a2b66c97b1b157ec46,583174fbe37d3d5f0d6661be3aad1786,1,Não chegou meu produto ,Péssimo,2018-08-15 00:00:00,2018-08-15 04:10:37,Very poor
d21bbc789670eab777d27372ab9094cc,4fc44d78867142c627497b60a7e0228a,5,Ótimo,Loja nota 10,2018-07-10 00:00:00,2018-07-11 14:10:25,Store note 10
0e0190b9db53b689b285d3f3916f8441,79832b7cb59ac6f887088ffd686e1d5e,5,,obrigado pela atençao amim dispensada,2017-12-01 00:00:00,2017-12-09 22:58:58,thank you for the attention given again
fe3db7c069d694bab50cc43463f91608,2ca73e2ff9e3a186ad1e1ffb9b1d9c10,5,,"A compra foi realizada facilmente.
A entrega foi efetuada muito antes do prazo dado.
O produto já começou a ser usado e até o presente,
sem problemas.",2018-03-23 00:00:00,2018-04-01 00:27:51,"The purchase was easily made. The delivery was made long before the deadline. The product has already begun to be used and until now, without problems."
e07eee7ad7666276bd8b27fbd83fd1ff,68b3cbc68e4cd1fe19bec35f1d3bb7ee,5,,relógio muito bonito e barato.,2018-03-29 00:00:00,2018-04-02 14:19:31,very beautiful and inexpensive clock.
2c5e27fc178bde7ac173c9c62c31b070,0ce9a24111d850192a933fcaab6fbad3,1,,Não gostei ! Comprei gato por lebre,2017-12-13 00:00:00,2017-12-16 07:14:07,I didn't like it! I bought a cat by little
58044bca115705a48fe0e00a21390c54,68e55ca79d04a79f20d4bfc0146f4b66,1,,"Sempre compro pela Internet e a entrega ocorre antes do prazo combinado, que acredito ser o prazo máximo. No stark o prazo máximo já se esgotou e ainda não recebi o produto.",2018-04-08 00:00:00,2018-04-09 12:22:39,"I always buy the internet and the delivery occurs before the combined deadline, which I believe is the maximum deadline. In the stark the maximum deadline has already expired and I have not yet received the product."
c92cdd7dd544a01aa35137f901669cdf,37e7875cdce5a9e5b3a692971f370151,4,Muito bom.,"Recebi exatamente o que esperava. As demais encomendas de outros vendedores atrasaram, mas esta chegou no prazo.",2018-06-07 00:00:00,2018-06-09 18:44:02,"I received exactly what I expected. The other orders of other sellers delayed, but the order arrived within the time limit."
08c9d79ec0eba1d252e3f52f14b8e6a9,e029f708df3cc108b3264558771605c6,5,Bom,"Recomendo ,",2018-06-13 00:00:00,2018-06-13 22:54:44,"Recommending ,"
2170c9452c2216457b36003fe2969fbb,af32671d0b8ce510a94d9111d97371d3,5,,muito boa ,2018-03-22 00:00:00,2018-03-30 23:37:25,very good
b193ff3c9f32a01f3a0d9ae26b94d244,e2e6ee1ed2d7f2f36b05d234983bd7a0,5,Maravilhoso!,"Tô completamente apaixonada, loja super responsável e confiável!",2018-08-10 00:00:00,2018-08-11 00:22:13,"I am completely loving, super responsible and reliable store!"
9fd59cd04b42f600df9f25e54082a8d1,3c314f50bc654f3c4e317b055681dff9,1,,Nada de chegar o meu pedido.,2017-04-21 00:00:00,2017-04-23 05:37:03,I don't have to arrive at my request.
86c5cfa7fcbde303f704b60a78ced7d6,a6456e781cb962cc3f412b04de4fed7b,5,Entrega perfeita,Muito bom. muito cheiroso.,2018-06-13 00:00:00,2018-06-14 17:29:03,Very good. very smellful.
890ec1767be8eb104877db6d68eaade5,b3271f5ebce80cbecb67c5b88487a44a,5,,"otimo vendedor chegou ate antes do prazo , adorei o produto",2017-05-13 00:00:00,2017-05-14 02:57:19,"the best seller arrived before the deadline, I loved the product"
7d9ac3e98adc0c8ad579e6a2257d79f9,dfa48852c93427261c98fb2e01f33bea,5,,Processo de compra tranquilo e eficiente.,2018-04-24 00:00:00,2018-04-25 16:01:03,A quiet and efficient purchase process.
c41bd21983e298a240410ebb391bf075,9562b424b05978a493db2a5122ecab1f,5,,Tomara q dure pois é de pelinho.,2017-05-19 00:00:00,2017-05-21 03:04:35,I would like to keep it because it is a scalp.
e233e51d11511bf30e568c76360ace52,548df2c6e5f089574614894bca78acf5,1,,"recebi somente 1 controle Midea Split ESTILO.
Faltou Controle Remoto para Ar Condicionado Consul",2018-01-28 00:00:00,2018-02-04 11:06:15,I received only 1 control Midea Split ESTILO.
3d94fd645cdaacc8c9f0dc0a2a1f5166,4d483bf690ca21bdc005df9b623673c7,5,,boa,2017-03-21 00:00:00,2017-03-22 00:58:49,good
500c05500aa275953129f49799ee5c73,8a9424899aac432d80d8e580932b5ee9,5,MT lindo,MT lindo,2018-07-25 00:00:00,2018-07-25 21:37:22,MT beautiful
6a0969d0769d2f3ff6438809a1cc455e,32638fbca8d1a197e649fd5138e12049,5,,"Ocorreu tudo como contratado sendo a entrega realizada antes do prazo 
 Estou satisfeita
",2017-06-02 00:00:00,2017-06-03 13:12:07,Everything happened as contracted and the delivery was made before the deadline I am satisfied
8a64945e89526e68bc16383391590232,71960e6af960919256a958a3633e1040,5,,"Amei achei lindo ,muito delicado adorei",2018-04-18 00:00:00,2018-04-18 22:30:45,"I loved it, I thought it was beautiful, very delicate I loved it"
c0dbf9a325d2a2fece43873be47191e1,b324f4270850cbba23533b9a9d3434a9,4,,"Ótima loja para parceria: rápidíssima, produtos bem embalados e de qualidade! Só o custo do frete que foi meio azedo.",2018-04-04 00:00:00,2018-04-06 15:43:39,"The stores were very fast, products were well packed and of quality! Only the freight cost was a little sour."
109b5ce2dd11bb8460eff3b86da6fefc,25362fbf6aac4b01a28dee1e076acc26,5,Ótimo Produto! ,Recomendo o vendedor... ,2018-08-17 00:00:00,2018-08-17 21:47:08,I recommend the seller...
6d06808638ec0701bccd70bc8d462c28,97d2f8fe76f2f253b8291e17b5383884,1,,"O produto não chegou no prazo estipulado e causou transtorno, pq programei a viagem de férias do meu filho, baseado no prazo. Moro na Bahia e ele em Cuiabá sozinho. Agora, a casa está vazia. ",2016-12-09 00:00:00,2016-12-19 14:10:43,"The product did not reach the stipulated deadline and caused disturbance, because I scheduled my son's vacation trip, based on the deadline. I live in Bahia and him in Cuiabá alone. Now, the house is empty."
750d4311e8ddb6cba549ee86f06f0cca,4b32a4cdfc1b80066a8ee3a4b7a2094f,5,,"Produto entregue como solicitado, e com muita brevidade. Parabéns!
",2017-08-09 00:00:00,2017-08-09 12:03:45,The product delivered as requested and with a lot of speed. Congratulations!
8b230a1373c6dc4bd867099fda1d7039,071251fe3b3493294536f03737a8a679,3,,Eu comprei duas unidades e só recebi uma e agora o que faço?,2017-11-09 00:00:00,2017-11-10 10:38:37,I bought two units and only received one and now what do I do?
cb2fc3e5711b5ae85e0491ee18af63ed,34e6d418f368f8079ae152bc178bc66a,3,,"Produto bom, porém o que veio para mim não condiz com a foto do anúncio.",2018-01-31 00:00:00,2018-01-31 23:29:21,"Good product, but what came to me does not match the photo of the advertisement."
60c714ed14cef913944a3147094a4742,9ac05114800f02bfaa783bd76842dbe2,1,,"Produto muito inferior, mal acabado.",2018-07-03 00:00:00,2018-07-05 19:03:52,"Much less product, poorly finished."
c45811d9f90e22a81155b3a1e4a5c2e8,491f193fc52075598871cfe6f19976d4,5,RECOMENDO SEMPRE!!,O kit mochila patrulha canina é lindo!! Meu netinho vai amar!! Obrigada!!,2018-06-19 00:00:00,2018-06-19 17:44:05,The kit backpack canine patrol is beautiful!! My baby will love it!! Thank you!
e29ab4a671400c41322e4855de633c6a,17b296b73ebefd6213299342b09f097f,5,,Maravilha ,2017-08-09 00:00:00,2017-08-11 23:28:46,Wonderful
0bd4dcc4f6c4621baf37f73495cad8c4,a11cd01ac67beef7e8bf09740d8a35c1,3,,Entrega no prazo,2017-03-23 00:00:00,2017-03-23 21:20:16,Delivery within the time limit
888f11883ff85fa5c07e6ae1192d85c4,248907ae8054cb8e93d5aa44857779b4,5,,Cumpriu o prometido na compra e com o uma entrega em tempo satisfatório ,2018-01-04 00:00:00,2018-01-05 23:30:00,They met the promises in the purchase and with a satisfactory delivery time
65dfeb60c40e3cbb0a1838285d86f885,a2714ecbf6eeb3bb9cd7dba6dc1c5e82,1,,Pedi reembolso e sem resposta até momento ,2018-03-08 00:00:00,2018-03-08 12:27:34,I asked for reimbursement and no reply so far
50a1eaa2f96d6f3e02d0cd68d92bab75,4a7cf245701068d38d441791b735e4bd,5,***** Recomendo,Super rápido.,2018-05-10 00:00:00,2018-05-11 03:08:49,Super fast.
436f71c9cc0c1aab7f51dc0cd0820516,c676e726f8a14a9527b41b9dc50ca1bc,5,,"Satisfeito
",2017-11-22 00:00:00,2017-11-22 14:45:40,Satisfied
97d4feff1fd7129bee6cde095b9dac2a,b4039fffc67d7a5a75a3ba881d75e402,5,,"estao de parabens... sempre chega com muiiita antecedencia..

Muito obrigada.... ",2017-06-24 00:00:00,2017-06-29 13:48:21,thank you... always comes with a lot of antecedence.. Thank you a lot....
1692078634b63c7f25aa90ee746ec498,5bc4e94aef2841f392fb6fe7ceef69b6,5,OTIMO,OK RECOMENDO,2018-05-23 00:00:00,2018-05-28 12:48:45,OK RECOMMENDS
ff722b4c68783a4459a3adb9bb4e1d0d,b8702f50a689621ab21ef200b55a5b8d,3,,"Produto chegou, mas meu PC não conseguiu reconhecer as portas USB.",2018-01-16 00:00:00,2018-01-18 23:25:29,"The product arrived, but my PC could not recognize USB doors."
8055e963f26f70c406ca517b2c2848e6,9218ec94cd0d96e4c3e6b8c1504aa8dc,5,,"Produto de muito boa qualidade, chegou antes do prazo prometido",2017-12-17 00:00:00,2017-12-19 17:31:58,"Very good quality product, arrived before the deadline promised"
ae728c1061bf163b4bd256ad9ee0bb83,45c780334bc32cb77559a65c5f171160,1,,"Este foi o pedido
Balde Com 128 Peças - Blocos De Montar 2 un - R$ 25,00 cada (NÃO FOI ENTREGUE)
Vendido e entregue targaryen
Tapete de Eva Nº Letras 36 Peças Crianças 1 un - R$ 35,90 (ESTE FOI ENTREG",2018-01-04 00:00:00,2018-01-10 09:52:57,"This was the request Balde Com 128 Peças - Blocos De Montar 2 un - R$ 25,00 each (NOT INTERESTED) sold and delivered targaryen Tapete de Eva No Letras 36 Peças Crianças 1 un - R$ 35,90 (STOT INTERESTED)"
41926e45719f9b923357ea3bb222195f,1601df22ba2f78168443e6f729e74868,5,,"Entrega muito rápida
Parabéns",2017-08-29 00:00:00,2017-08-29 21:06:01,Very fast delivery Congratulations
72730619a00e0ecdecf0a4ff862d8996,af76a45a10524549102e010f2bd9d3cd,1,,comprei tres pacotes de cinco folhas cada de papel transfer para tecido escuro e so recebi dois,2017-11-07 00:00:00,2017-11-08 21:54:58,i bought three packs of five leaves each of transfer paper for dark fabric and received two tablets of tablets.
c5d83c2523ef15209c8faf5133a7bafb,7eba0b6b5cb480d65416e26e2528d250,4,,"Estava faltando apenas um produto, eu recebi hoje , muito obrigada!
Tudo certo!

Att 

Elenice.",2017-12-16 00:00:00,2017-12-19 23:21:17,"I was missing only one product, I received it today , very thankful!"
766fc608e4f2683020fb0a121d9db23e,77fc7da5ef4df2c48276ae832072dcf1,5,,"A bolsa térmica além de linda é super espaçosa . Produto de acordo com o anunciado e a entrega super rápida , entregou bem antes do prazo .",2018-01-10 00:00:00,2018-01-11 07:47:10,"The thermal bag, besides beautiful, is super spacious . Product according to the announced and the delivery is very fast , delivered well before the deadline ."
5c37d7ba6ef2f031c34bb4fda3454018,bbd1b9ebbc5a09d51caaa2d10e0f93b5,2,,Demorou de mais pra entrega ,2017-12-17 00:00:00,2017-12-17 12:14:13,It took longer to deliver
83414f98136ce687f7eb69e555b2519c,36e05888e17fa68e55b13477d9b53d3e,5,,super rapido a entrega .... chegou antes da data... ,2017-10-24 00:00:00,2017-10-25 19:36:57,super swift delivery .... arrived before the date...
46d8249ea59101c7288936c3e6f155d7,f25ddb6cd62d720a5d91fff80467930a,3,Entrega atrasou,A entrega foi dividida em duas. Não houve comunicado do loja. Cheguei a pensar que só haviam enviado parte do produto. ,2018-01-20 00:00:00,2018-05-15 00:45:28,"The delivery was divided into two. There was no communication from the store, and I thought that they had only sent part of the product."
346317f9aff540395fe46893611854f8,546ffb713086001ce9f0009158f88b73,1,,Não funciona não faz sincronismo,2017-09-17 00:00:00,2017-09-18 23:39:56,It does not work does not synchronize
2685a4800004a12ec09d27264ff1915f,5c973d2b4652e1dec15353b59339f3b4,5,,Recomendo a todos os clientes,2016-10-22 00:00:00,2016-10-26 17:47:19,Recommending to all customers
c422274e50e900b46fee429016c5458d,950bb159eea525ff8947b92c93b02f8e,3,,Gostei ,2017-09-24 00:00:00,2017-09-25 14:09:58,I liked it
3f6d9482c57cdb5fc7012f7b9b5ed4c5,2a3251c95a3d5c57ed230021faa588a0,5,,OTIMA,2018-04-19 00:00:00,2018-04-22 12:25:48,OTHER
a55012f5c7e74353e92986be15d133b6,54b73f808b0ff25da4276773c30ac269,5,,"Gostei muito do jogo de banho.A estampa florida, o bordado, tudo muito bonito. Ótimo produto.",2017-06-03 00:00:00,2017-06-04 02:22:55,"I liked the bathing game a lot. The flowered print, the embroidered, everything very beautiful."
487f8ff16eaf366dc7c01652202048c3,d5ba80d74b52c335ae36398d6159e6ee,1,,"Chegou apenas uma peça, mas na nota e na garantia constam as duas joias.",2017-08-22 00:00:00,2017-08-22 23:45:13,"Only one piece had arrived, but the note and the guarantee contained the two jewelry."
ef8ae544c432bb1053ba5990bd0d6227,e18ebd6286697a3f0f6fe267d8286cb2,1,,EU NÃO RECEBI O PRODUTO E CONSTA NO SISTEMA QUE EU RECEBI ALÉM DE PAGAR CARO DO FRETE ,2018-01-12 00:00:00,2018-01-13 00:28:49,I DO NOT REVENUE THE PRODUCT AND TAKE IN THE SYSTEM I REVENUE FOR THE WORDS
aaab917291fea34988b9a0cb60e0716f,560f7585b57fcc9579460fa21c0d8ec1,1,,"Comprei o relógio, unissex e enviaram um relógio feminino, bem menor que as especificações do anúncio.",2018-04-05 00:00:00,2018-04-06 11:06:19,"I bought the clock, unisex and sent a female clock, much smaller than the advertisement specifications."
3f73914ab5fc1cd68ad6757c93644349,3144812170fbb0c3b71bbd757609f605,5,,Sempre compro na lannister.Pra mim é a melhor loja on-line,2018-03-14 00:00:00,2018-03-17 10:26:13,I always buy the lannister. For me it's the best online store
e2fd85e5df711bd91e6e96e13c741843,c9645496b715730a1a5d07eb97a6bf6b,5,,Produto de qualidade excelente,2017-01-31 00:00:00,2017-02-01 16:56:49,Excellent quality product
42ae74a43661be8587b2e2db054179db,0a187dd7f4efe70e8c3b6e3779b3b133,5,,Ótimo custo-benefício,2017-09-14 00:00:00,2017-09-15 14:15:14,Great cost-benefit
d8f61c7fcd172785563a65cd65a8cea8,cf34fe44babb9fd001a001acfa43cabf,5,,OK,2017-11-19 00:00:00,2017-11-22 19:34:39,OK
79927442ebcbf70b2021e1339bb9a51b,1c8898140458c37fbbf0be37d47193b9,5,muito boa,Gostei da atenção com a entrega,2018-04-27 00:00:00,2018-04-30 08:04:49,I liked the attention with the delivery
14613df954694f243dedeaa2c8a3a5c2,1e91914c9706a5d4665b8c5a6294b107,4, 4 ," Se fosse vidro tinha quebrado; veio na caixa sem nenhuma proteção por dentro, a caixa estava muito amassada. Desculpe.. mas gosto de comprar de vcs
.",2018-05-15 00:00:00,2018-05-16 23:41:51,"If it were glass, it had broken; it came in the box without any protection inside, the box was very thickened... but I like to buy vcs ."
5f938e5f5f2e9a75710b54feeb9ea610,d9ff0185a300435402f043124f530274,1,Médio,A peça não serviu,2018-05-11 00:00:00,2018-05-14 14:08:04,The piece did not serve
d7ea05bb4f9c77d606fd90b1a27e317d,bb5b0d8f3e9c964760c674f2aa2ae0cf,1,,Comprei o produto dia 25 de fevereiro e hoje dia 29 de marco não fora entregue na minha residência. Não sei se os correios desse Brasil e péssimo ou foi a própria loja que demorou postar.,2018-03-29 00:00:00,2018-03-29 23:13:58,I bought the product on February 25 and today March 29 was not delivered to my home I don't know if the post of this Brazil and it was very bad or it was the store itself that took long to post.
185cb85ede91009d7a8e685687c037ee,2e5dc86c8c4aa663549caf5e31de840d,1,,"fiz minha compra faz 30 dias e não recebi ainda meu produto.
Precisa melhorar nas entregas",2017-04-06 00:00:00,2017-04-09 18:25:12,I bought my product 30 days ago and I didn't receive my product.
0c9b6ca9b3beaf0fd5d621f63844ea01,cadd4c5765abf658117f2cc7e2a639c2,5,prazo entrega,"Espero receber esta semana, o que não seria tão extravagante, porém...mais atrazo do que isso me faria desistir do baratheon.",2018-08-26 00:00:00,2018-08-29 02:48:21,"I hope to receive this week, which would not be so exceptional, but... I slow more than this would make me give up baratheon."
c399eafa15aafaecdd1d9008f5b34ed6,3081ddf6e7c6afa4e4124e7882486fcd,5,,"Entregou no prazo certo, fiquei feliz com a compra que fiz",2017-06-23 00:00:00,2017-06-24 00:58:52,"She delivered within the right time limit, I was happy with the purchase I made"
8ef36616bef00398b6e413c124f436c8,6925682cc441a2514cd15f7f17ece7b2,5,,Lindo relógio adorei,2017-05-31 00:00:00,2017-06-01 01:21:14,I loved the schedule of a schedule of schedule of schedule.
57e994485c2ebd293e4fa9cd62e5bb96,201691efe89d4d71f36e5ea279a8759a,3,,"Comprei dois lustres pendentes, com a parceira targaryen e só me enviaram um lustre. Abri reclamação, mas ainda não recebi resposta. Aguardo solução por parte de Lojas lannister.",2018-03-14 00:00:00,2018-03-16 20:26:10,"I bought two pending lustres, with my partner targaryen and only sent me a lustre.I opened a complaint, but I had not yet received a reply.I wait for a solution from the stores lannister."
59d95e0b5b52d038dc3a022b7c912969,fc8c2e8bc069aea361c41c313464993c,5,Super produto ,Muito bom alta qualidade!,2018-07-04 00:00:00,2018-07-05 00:56:21,Very good high quality!
a0adf7a439816b22050d6bf433cbbff6,15c8f741c0b7deafafea8af0f7bb6852,5,,"Produto bonito, entregue bem valado e dentro do prazo. Recomendo!",2018-04-10 00:00:00,2018-04-13 11:04:52,"Beautiful product, delivered well valid and within the time limit."
93fbbe62dcf6ffac99be013a1c68eb52,935f0d2ac8ce7ce29f5712d2637ddb33,5,,Muito bom,2018-02-20 00:00:00,2018-02-21 09:42:27,Very good
c40a6b6e0181e5ec0d12cbc2e12c49d3,f3468d6a2c7586711e9952242898aad4,1,falta de produto e quebra,Faltou 1 produto e os que recebi 1 veio quebrado,2018-05-23 00:00:00,2018-05-23 22:23:00,There was no product and the ones that received 1 came broken
5241fcad10d7b45a1761f1e1e1536faa,0bcbcc3e0a09b3f6a9495de35f452616,5,super recomendo,"chegou dentro do prazo e o produto é de excelente qualidade! Acabou as dores nas costas, estou dormindo muito bem!",2018-07-07 00:00:00,2018-07-09 18:12:17,"it arrived within the deadline and the product is excellent quality!End the back pain, I am sleeping very well!"
06f47dacd0575e592bf6a17e922ce6cd,82348f1b5f24ac795fa9320e02c49553,1,não recebi ainda,aqui está descrevendo como entregue só que ate agora não recebi,2018-06-28 00:00:00,2018-06-29 16:34:46,here is describing how delivered just that so far I have not received them
d36219dfadc3a5b07ab66670d23915ad,22613579f7d11cc59c4347526fc3c79e,5,,"Acho que rastreando o produto devia ser melhor e mais preciso, mas no geral foi uma ótima experiência ",2016-10-19 00:00:00,2016-10-20 12:40:59,"I think that tracking the product should be better and more accurate, but in general it was a great experience"
5230dc021b8ce3fe53ed728af873a6d1,fc850201b579f014488f1cca40aaa06d,5,,Ainda não tive a oportunidade de testar,2017-11-23 00:00:00,2017-11-25 16:59:50,I had not yet the opportunity to test
4656b8ed41c17f6be05e911e211ecd8f,7bdfa70c4049e7319a3182997e27cb95,3,recomendo,Comecei a usar agora ,2018-05-08 00:00:00,2018-05-10 13:57:17,I started to use it now
8ef0597f9b1870cf46c81358425f0e24,d451da9b109e1786f303924d04ed72a1,5,,nada a declarar,2017-05-20 00:00:00,2017-05-22 11:22:58,nothing to declare
6b341682ab39af9fa00d72d7388c903b,fd65651f855608ad1aa52ff4a741c31a,3,Nota3,"Comprar um produto correto na capa mas interno ser outro.???????
",2018-05-10 00:00:00,2018-05-11 01:15:28,Buying a correct product on the cover but inner being another.??????
e4f0765c572989acb3d2d17c911ccce4,4b661d524b6f0788746514fb6f7ad3fa,3,,entrega super rapida,2017-12-13 00:00:00,2017-12-13 16:35:59,super-safe delivery
557ae9c16a8ea3909db2fc5a01bc5151,287b045cfe9ba0ed08308efc06c366ae,3,Suspense,"Fiz um pedido de 4 garrafas de azeite.Chegaram 2 num dia e as outras 2 quase 48 horas depois.Contato com a loja muito dificil,tanto via e-mail qto por telef.O suspense terminou mas lá não compro mais",2018-05-24 00:00:00,2018-05-25 12:23:02,"I made a request for 4 bottles of oil. They reached 2 on one day and the other 2 almost 48 hours later. Contact with the store is very difficult, either via e-mail or by telef.The suspense ended but there I don't buy it anymore"
5939898b5d2ac05454b2fe1aeecaad19,ff37040ee7efbb9709c2b4389c4c0fc4,5,,O produto chegou muito rapido e de boa qualidade recomendo o produto,2018-03-09 00:00:00,2018-03-12 10:32:15,"The product arrived very fast and of good quality, and I recommend the product"
cde97e23deec3aa11e838402378706ee,512ba2efae3409f37660ce26199b32aa,1,,"Não posso! Estou aguardando a chegada do produto que comprei!Logo que isso aconteça, terei minha opinião formada!",2017-12-22 00:00:00,2017-12-22 12:20:27,"I am waiting for the arrival of the product I bought!Once this happens, I will have my opinion formed!"
3ff8285931cc9b54c9ad22ba78957f63,e6b23db78d4473c921fb9315e04b5c0f,1,,Comprei dois produtos e recebi somente um. Mandei dois emails para a loja e não tive nenhum retorno. Estou insatisfeita.,2017-05-14 00:00:00,2017-05-19 10:38:27,I bought two products and received only one. I sent two emails to the store and had no return. I am unsatisfied.
fdb0e5a14fb6456e28ce7b3b054b8843,eccb333547035c917db4396ff94c3182,3,,Não recomendaria esta loja nem pretendo voltar a comprar nela.A mercadoria foi entregue após o prazo e quase 1 mês após a compra. No site das lannister costumam chegar antes do prazo. Estranhei muito,2018-02-16 00:00:00,2018-02-17 21:35:00,I would not recommend this store or intend to buy it again. The goods were delivered after the deadline and almost 1 month after the purchase. On the lannister website they usually arrive before the deadline. I was very strayed a lot
7914fa319f12631679d1704d7dcd17df,06ecfa8dfae87263e05d953aa561603d,5,Top,Recomendo,2018-08-22 00:00:00,2018-08-23 01:51:28,Recommendation
deb6f26fd2c11c556bc9245fd9203469,997cd0cc21c4cc23cf4b07c4f53834db,4,,Atendeu minha expectativa.,2018-02-24 00:00:00,2018-02-25 11:02:05,It met my expectations.
6591adaa3a855d13090d5fd151ad96c2,b3e8f5b15b942cacd19dba17d7179867,5,,Entrega antes do prazo. Produto muito prático e de fácil manuseio. ,2017-08-31 00:00:00,2017-09-01 02:38:17,Delivery before the deadline. Very practical and easy to handle product.
d47fc43c8cd140d66190c178ecfb438d,3757dc827b45811e32f858867877df67,2,,decepcionado,2017-09-20 00:00:00,2017-09-21 23:01:30,disappointed
c4a20a1d2d634f814cca9311edd60e99,1a558554b7f10eba1ffdd56ce469df63,5,,"otimo produto só nao veio manual, mas sem problemas.",2018-04-21 00:00:00,2018-04-24 14:26:37,"the best product was not manually available, but without problems."
81e7291e2f92b492eb0340f4406c6897,93720f5a467d2edd5e84e209e8a9a4f6,4,,"Uma das peças não encaixava, estava de diâmetro diferente. Eu tive que serrar e martelar para poder caber e encaixar.
De resto, tudo ok.",2018-04-19 00:00:00,2018-04-22 16:36:04,"One of the pieces did not fit, it was of different diameter. I had to saw and marble to fit and fit."
eb6d75bedecae7b3dbea11b8530637d8,00b9e0f8f588d0406a3de447eb606970,5,,Excelente produto.,2018-02-17 00:00:00,2018-02-19 16:20:08,Excellent product.
593f9b33c3a4c74e37b7b7c49f0cedc4,268762d6a983092f8632e379836806eb,5,,Tudo certo,2017-09-07 00:00:00,2017-09-13 13:51:51,Everything right
a36150969fe6bd09ed011dd78aeb0189,ef1b29b591d31d57c0d7337460dd83c9,1,,"Demora na entrega, detestei o atendimento e NUNCA mais compro. baratheon quando vendia por eles mesmos era bem melhor! ",2016-11-02 00:00:00,2016-11-03 12:04:24,"It takes a long time to deliver, I detested the care and I NEVER buy. baratheon when he sold for themselves was much better!"
2c303fb6b2f9c16f324f7deb88e736fe,d9fb85f3f3239e18e331c9f622d6998b,5,,Produto muito bom,2018-08-08 00:00:00,2018-08-09 05:27:42,Very good product
43992f6d75ecc01ddd8c748b9362bc81,55b5a2fb966c36bed46f082ad6062914,1,,o meu produto não chegou... segundo o rastreio está parado em Ribeirão Preto sp... ,2018-03-23 00:00:00,2018-03-23 23:21:32,my product did not arrive... according to the screening is stopped in Ribeirão Preto sp...
8b4c14417bccab81710772ecb8b23fd6,62a575a2a9f2c005b7ec7ff7dd76d5ee,1,,produto deu defeito na 1 vez de uso.,2018-08-03 00:00:00,2018-08-04 19:32:39,product defective at 1 time of use.
3528296df9092b7a7b88bd036e3f8a8e,dae4fcb62b78ccf2ff3ac4d49113a8f5,5,produto show,super recomendo produto profissional de qualidade,2018-07-14 00:00:00,2018-07-17 14:28:34,super recommendando professional product quality
252b934455d29ca8cc070504686ecc52,4806c15e687faabdb46ca2643cfcfa6e,1,,até agora não recebi o produto.,2018-03-14 00:00:00,2018-03-14 08:59:57,so far I have not received the product.
b736ff4204044e49e39062584d06fa74,993da8482e658ec7f1d0c6d955604936,1,, A loja anuncia um produto e entrega outro.,2018-08-24 00:00:00,2018-08-27 05:20:47,The store advertises one product and delivers another.
c7475b2c4448321756b6136327f1394e,e11c61aa2d539f826865ea728496f6d4,5,super recoendo,muito bom e rapido quando vi ja tinha chegado,2018-08-23 00:00:00,2018-08-24 18:42:32,very good and fast when I saw it I had arrived
44cdb9cb9c9f8d6bcea59e0b61b8df6a,1a2cff485ae2a17b68b6ccefb1ecdf93,5,,O produto chegou muito bem,2017-12-13 00:00:00,2017-12-16 19:33:23,The product arrived very well
927eaaaaeebc8579c91927f2d0b40049,c835e0746829dbae8bb92fb818ba654d,5,,otimo,2017-10-08 00:00:00,2017-10-09 14:07:22,optimal
65b934c20d632fc2df0fd4723464fa78,824d9780d0313771024a0c70fe9dd9a7,3,Erraram na caixa acústica,"Apesar de ter sido entregue rapidamente, substituíram a caixa METEORO pela caixa BORNE. Quando tentei reclamar nas lannister o sistema estaav fora do ar. A guitarra e acessórios estavam corretos.",2018-06-12 00:00:00,2018-06-12 22:36:18,"Despite being delivered quickly, they replaced the METEORO box by the BORNE box. When I tried to complain about the lannister, the system was out of the air. The guitar and accessories were correct."
af9e54a155c1248534f1fa60179c6393,afb1e1ccaac288ec1ab9754e2e36cdaf,5,,Muito satisfeito,2017-12-05 00:00:00,2017-12-06 00:38:31,Very satisfied
ea12cd666e65ef6cfc48e7ddd8596833,93a157bd42d5aee115dbfbca895d9998,4,,parabéns para loja e revendedor apesar de ter demorado um pouco,2017-09-23 00:00:00,2017-09-24 21:45:56,congratulations to the store and retailer despite having taken a little
8023f946d9b261cb0ecb604703427917,f23c71439ab24ac853522e783dd7dec2,5,Ótima compra,"Entregue dentro do prazo, e com bom período de validade.",2018-05-05 00:00:00,2018-05-06 00:28:38,Delivery within the time limit and with a good expiry date.
4faa35770cc4dbf5f2725bcebdd1bdc6,60c6581ec5ed9187370902a251501b8c,5,,"O Jogo de toalhas é lindo mais bonito do que na foto, amei.",2018-01-18 00:00:00,2018-01-18 18:08:12,"The Towels Game is beautiful more beautiful than in the photo, I loved."
c239d18d7e310e477d5e7b76b362db1d,80a2b0dcabefef6a83477204433b2482,1,,produto foi entregue com umas das alças com problemas (está faltando 1 pino de fixação),2018-03-11 00:00:00,2018-03-13 21:17:09,product was delivered with one of the loops with problems (is missing 1 fixation pin)
b3df5ccdfff218d039dd166e3da759f5,33fb6b947580ee29bd0c6babed6049c1,2,,Foi marcado o dia 14/02 para entrega do pedido e no rastreamento marcava que o produto já havia sido entregue na data mas na realidade não foi entregue. O produto só foi entregue no dia 28/02.,2018-03-01 00:00:00,2018-03-04 21:45:00,The day 14/02 was scheduled for the application and the tracking scheduled that the product had already been delivered on the date but actually was not delivered. The product was only delivered on 28/02.
c11da18223114c483b887b9914045f79,468c2f34312a6d270a20c7aef082041c,2,,"LOJA ALÉM DO FRETE SER MUITO CARO . O PRODUTO LEVA QUASE 30 DIAS ÚTEIS , PARA CHEGAR NA SUA CASA",2017-06-07 00:00:00,2017-06-09 06:12:39,THE PRODUCT LEVA QUASE 30 DAYS FOR CHOOD IN THE SAFE
6f885e2fd69412264d9e74e805175d53,108e1d5b7a25ff07b49e500b1c7ae4b0,1,,"Recebi bem rápido, porém veio outro produto, e não o que eu pedi, o modelo veio diferente, a cor, veio uma capinha que não tem zíper, enfim, não recomendo. ",2017-06-22 00:00:00,2017-06-23 19:35:16,"I received it quickly, but another product came, not what I asked, the model came different, the color, the cap that has no zipper, so I don't recommend."
b83ba2a97932a8a661f5bf8eac7642bd,f464bdc3b17c2085e54b66d8e5ae1695,5,,sempre comprei no stark e estou satisfeito.,2017-05-31 00:00:00,2017-06-01 13:56:37,I always bought in the stark and I am satisfied.
a6c58307ee35180cf0dc1d39466db359,796b04ac2c7b508683f6010238b991f1,5,,fiz a compra por tabela e graças A Deus deu tudo certo fico muito grato pode confiar.,2017-12-23 00:00:00,2017-12-29 22:56:10,I bought the table and thanks God it was everything right I am very grateful can trust.
f7eb8792e67d53e01a224bfa9b6802b2,a0f2f8b0523207a13f02225bc812ed23,1,Horrível,"Cancelaram a minha compra um dia antes da entrega, liguei para a lannister e os atendentes não sabiam o que estava acontecendo, uma bagunça, agora estou esperando para ver se vai ser cobrado",2018-08-05 00:00:00,2018-08-05 09:27:55,"They have stopped my purchase one day before the delivery, I called the lannister and the attendants did not know what was happening, a shyness, now I am waiting to see if it will be charged"
4940d39efaa50e020312724f6a6e5efa,1a1ef8dc595adbce0e5d75d806d69286,5,super recomendo,produto de qualidade e eficiência na entrega. recebi muito antes do combinado. recomendo,2018-06-08 00:00:00,2018-06-08 20:47:31,I received long before the combined.
7bd303edd3865abe8addb98d2a2e6577,d66d818e0e5486b4382bdaad63390b53,5,Muito bom. ,Produto bom veio no dentro do prazo chegou em 08 dias estão de parabéns. ,2018-08-01 00:00:00,2018-08-01 18:52:33,Good product came within the deadline arrived within 08 days are devoted to you.
7dada5b776c67a2995d44b56122c1aba,4d5e865e4b64c8b33f8a81fd14731344,1,,Enviei 2 solicitações pelo site para trocar o endereço. Recebi a mensagem de que iam me ligar em 48h mas não ligaram.,2018-04-24 00:00:00,2018-04-26 00:05:52,"I sent 2 requests through the website to change address, and I received the message that they would call me within 48 hours but they did not call me."
11caa17c5966423a2f73ded6a13ad638,15a31c39dee81bc534abff1f9b5ec6c2,5,,"Tudo ok,o baratheon sempre responsável com a suas entregas.",2017-07-26 00:00:00,2017-07-27 09:16:34,"Everything ok, the baratheon is always responsible for his deliveries."
4dd68a0dee5ede8a445f797c46bca436,ac706ac9421036e88d5b2c96b058aba6,1,,o acabento que estava na foto era bonito a que chegou foi de um sintetico feio com um acabento todo borrado orrivel nao gostei,2017-07-05 00:00:00,2017-07-11 10:20:06,the acabento that was in the photo was beautiful that arrived was a ugly synthetic with a whole blunt acabento orrible did not like it.
f55ac350831de6694d569e9c0176dacd,92cd4be4e992be4ab03304531ce6c5f9,1,,E muito desordenado comprei três produtos mais não veio no dia sertões veio separado e em data separada ,2018-01-31 00:00:00,2018-02-01 02:12:01,And very disorganized I bought three products but it did not come on the day sertões comes separately and on a separate date
2b4a570df87cd63b232272dd9dcac0cf,da532e87f26c130e0b3184bdd837982b,5,,A,2017-09-26 00:00:00,2017-09-27 08:54:34,A
3fb929ba2924ff0a47858efb007ceee1,df8e5e994bcc820fcf403f9a875201e6,5,otimo,entrega rapida,2018-08-07 00:00:00,2018-08-08 12:05:26,delivery rapid
d0c2b9d96c387604a96ae43e7126cf9b,e7bf6c078fcd0eac3b977d498537e2b3,4,,foi bom,2017-05-16 00:00:00,2017-06-09 20:20:55,it was good
58b27f28e98acdaec89d736d8ed79dd5,e0ffd1287f544946a6a6a2dca083e37f,5,,Mercadoria certa entregue no prazo combinado. Grata,2018-02-24 00:00:00,2018-02-24 14:58:29,Goods delivered right within the time limit set.
96ee030286f50f61c6d199bdfaa5573d,7920529b8621a433718e66c72a763bdc,1,,", muito ruim ! ",2017-11-29 00:00:00,2017-11-29 21:28:39,", very bad!"
6280ca6a9e8c3a56b668ec8c5396caaf,534a0fbe91a806a1dc6bf09b497e3d6f,1,,Passou dos dias previstos.,2018-02-09 00:00:00,2018-02-14 04:13:49,It has passed the days scheduled.
968989a3b5192c9b9436fe7546acaca4,6d7195bd775441e75af3f52c8c73031f,3,,Ao fazer a compra do kit entendi que receberia 2 frascos de 60 cápsulas (cada) e não 2 frascos com 60 cápsulas no total. Só não vou devolver porque estou precisando do produto.,2018-03-30 00:00:00,2018-03-31 12:10:17,When buying the kit I understood that I would receive 2 bottles of 60 hard capsules (each) and not 2 bottles of 60 hard capsules in total. I won't return it because I need the product.
dc92cf357f5eb4d61b6a95fed53d17e1,c277dea251cfd74bf121060769a7135a,5,,Entrega bem antes do prazo perfeito!!,2018-08-14 00:00:00,2018-08-15 17:18:14,Delivery well before the perfect deadline!!
382d855ffdd4f5e66594dbfb1566e96f,f506fd1443d94ad16f25a94426fb8805,5,10,Cada vez que compro mais fico satisfeita parabéns pela honestidade com seus clientes 👏👏👏👏?,2018-06-03 00:00:00,2018-06-04 00:38:19,Every time I buy more I get satisfied congratulations for the honesty with their customers ?
06aa3111724159bb69b8568181ec05c4,8458ad0c5a4b19319109dc629ac03c8f,5,,bem rapido a entrega e bom comprar com vcs,2017-10-20 00:00:00,2017-10-23 20:54:29,well fast delivery and good buying with vcs
3db041dd46e9935752c691a2093799c2,51eaae3287e04efba45a51f52098fc88,1,,Produto não recomendo não ler em nenhum dispositivo,2018-04-27 00:00:00,2018-04-28 01:49:40,I do not recommend not to read it on any device
9ad64902b6c9bfad48bbe4d17e4dcb4b,ecdc847ed73d804147eb009dec3a0a0c,4,,"Entrega super rápida, parabéns!",2017-05-13 00:00:00,2017-05-14 14:37:54,"Super fast delivery, congratulations!"
6aba6ff5d6b3f6762a2ad9a9f1fbdfcf,bfaea68f958681ec9d22aa2114b45721,4,recomendo,Tudo rápido e eficiente.,2018-08-12 00:00:00,2018-08-14 12:49:30,Everything is quick and efficient.
8f9aa50ee40780ba3f79614530a34ebe,729c445f5f350f88d5c9a3911d6e9bc0,5,Muito bom ,Creme maravilhoso e entrega super rápida,2018-05-10 00:00:00,2018-05-10 16:21:17,Wonderful cream and super fast delivery
f3f77d01a24ce4da52b6f7e83e71498d,a5a83c95ed669b7ba0ddce1d761c191f,1,,"Tentando cancelar o produto desde antes da emissão da nota fiscal. Não fui avisada que estava no correio, não tive nenhuma resposta do cancelamento e nao consigo devolver. ",2018-03-01 00:00:00,2018-03-02 12:55:24,"I tried to cancel the product before the issue of the tax note.I was not advised that it was on the mail, I did not receive any reply of cancellation and I could not return it."
2fe0ca8fe19ae1ab68408a1235bbd054,1b82cfd1e6a6d682ee254b2ff4cf387f,4,,"Chegou hoje 
sem comentários",2018-03-31 00:00:00,2018-04-03 21:11:53,She arrived today without comments
b396ba75350276a6cc1993b6627dceea,43050a51a257b17d51295e07650cb654,1,Lamenetável...,"Boa Noite

é lamentável, esta loja que tantas compras eu ja fiz e hoje não me da satisfação sequer de um relógio na importância de 50,00 reais ... um produto com defeito e até agora não me deu retor",2018-08-23 00:00:00,2018-08-30 03:02:39,"Good night is regretful, this store that so many shopping I've done and today I don't even have a clock in the importance of 50 reais ... a product with defect and so far didn't give me any return"
610a49f3e897c9295111d0a8c0d6e65b,f1eb378be592a06b8c3c6006b7d7102e,5,,Muito bom! Aquilo que esperava!,2017-12-05 00:00:00,2017-12-07 20:12:19,Very good! What I expected!
f3401a1de0c152923ba58cf7b7d2b84a,a848ecb46fe108b35dd5bd7bf4fdddca,2,Qualidade ruim!,A capa protetora não é exatamente o que eu esperava deixa a desejar no tipo material e na qualidade.,2018-05-19 00:00:00,2018-05-20 13:07:24,"The protective cover is not exactly what I expected, it still does not deserve in terms of material type and quality."
ef9ef383ff6625e8e118db388ad3420d,67274e3826cb110f3d0cb45f33c2275e,3,Insatisfeito,No site o produto parece ter melhor qualidade de material e acabamento.,2018-07-06 00:00:00,2018-07-09 19:07:34,The product seems to have better material quality and finishing on the website.
5d6f9cddc8335878d8bf20c3bd4602e8,38fc895ea0a2aa253a46a6fdbb65aaf5,5,mega recomendo,"Recebi meu produto corretamente e dentro do prazo,verificando na caixa esta tudo correto,mas ainda não montei.Produto lindo,cor perfeita,amamos.
SUPER RECOMENDO.",2018-08-10 00:00:00,2018-08-11 12:59:16,"I received my product correctly and within the time limit, checking in the box that everything was correct, but I had not yet set up.The product was beautiful,perfect color,we loved.I SUPERRECOMMEND."
f4d74b17cd63ee35efa82cd2567de911,f269e83a82f64baa3de97c2ebf3358f6,3,,"A embalagem deixou a desejar, por pouco o produto não foi danificado, a caixa estava toda amassada.",2018-01-12 00:00:00,2018-01-13 18:46:10,"The packaging was not desired, the product was slowly not damaged, the box was completely crushed."
3a336941a21a96535c9b70e3d28be499,b630c986ea5c14749196132407a05589,5,EXCELENTE PRODUTO,Parabéns .Produto entregue bem antes do prazo.Atendeu às minhas necessidades.,2018-07-04 00:00:00,2018-07-04 22:24:25,Congratulations. Delivery right before the deadline. It met my needs.
d31fe8f01470eff5b2a3668c9a328913,323ebc5450e01beac5ad45e926ecf923,5,,Recomendo.,2017-05-08 00:00:00,2017-05-08 17:29:12,Recommended.
f677a419ee4910ae12bf8cb73dc0d332,7368e14d8b9e7b886e433697b89e937c,3,,Faltaram os cabos e o manual,2018-02-27 00:00:00,2018-03-02 00:24:24,The cables and the manual were missing
2e21bb397364fa799a4a1609fd2e6e3b,9d7f2c9f33008498700ffdc3162878fb,5,,ótimo chegou bem antes do prazo .,2017-09-01 00:00:00,2017-09-04 20:46:52,great arrived well before the deadline .
670e12015ba4dca0bc1d220aaf5c19f9,988551bc1edc4b81a7e98af061a60228,5,,Entregue no prazo produto muito bom.,2017-10-14 00:00:00,2017-10-17 13:50:29,Deliver very good product within the deadline.
7cae6dc895e8f5238f2300e103742ce2,68993f27a34bd02e3b2c2ebb5c41b9ec,2,,"O produto foi embalado apenas com papel pardo sobre a embalagem e enviado pelos correios. Lógico, a embalagem chegou amassada e só deus sabe se o produto está funcionando ou não, ainda não testei.",2017-03-22 00:00:00,2017-03-22 21:35:59,"The product was packed only with brown paper over the packaging and sent by the post. Logically, the packaging has arrived thickened and god only knows whether the product is working or not, I have not yet tested."
5e5ae81fbed794a34c7b44744b168a5f,fb1d2527c581c02fc24ea10dd0a0a012,5,,Acho q deveriam mandar por sedex ao invés de pac,2017-07-26 00:00:00,2017-07-27 00:12:23,I think they should send by sedex instead of pac
af41ee42a3e2dc767023449fda6c12fa,762955db358210db24103ff9ce1ddda7,1,,"Última vez que compro pois hoje vai fazer 1 mês que fiz a comprar e nada, e se demorar mas tempo de entregar estarei procurando meus direitos contra as lojas lannister e a targaryen.",2018-03-21 00:00:00,2018-03-21 15:32:51,"Last time I buy because today I'll have been the first month I did to buy and nothing, and if it takes but time to deliver I'll be looking for my rights against the lannister and targaryen stores."
d28138dcbee5d50ca9dddb812d21ce85,134bf8fea9ec1583380780902cf0dc7c,5,,Lindo... Só faltou instruções da troca de pulseiras.,2018-03-18 00:00:00,2018-03-18 16:55:21,It was a good... only there were no instructions for the bracelets change.
cc4e1115d5c84efa5976f12404569949,c81d1d3f8deeded6af5d352021b5a188,5,,"Produto exatamente conforme descrito.
Chegou bem antes do prazo!",2018-04-04 00:00:00,2018-04-04 21:30:47,It has come well before the deadline!
07b48dbc11677f5021dbefcaba550ed2,0527142b56f235b4936a8573f33b020b,5,,"O produto chegou bem antes do prazo estipulado, amei o atendimento! Super recomendo ",2017-07-26 00:00:00,2017-07-27 22:55:48,"The product arrived well before the stipulated deadline, I loved the care!"
4f2d420b33665f546c373953c8dfb5fd,523824180b3b651c5d233b761bdd7597,1,,"Não gostei do produto, material de péssima qualidade.",2017-10-08 00:00:00,2017-11-10 16:24:28,"I didn't like the product, the material of bad quality."
bfd1c687738141ef5861a1a1269ca855,409e065598ea4a9dba359d894ab0cab9,1,,"Dos dois produtos comprados, foi entregue apenas um!",2018-01-10 00:00:00,2018-01-11 11:54:28,"Of the two products bought, only one was delivered!"
6724babb3b9952660bc345b5f5a4db07,c09eea5faf2f865d54fac5b97b961a75,1,,Nao compro mais na lannister. Se é parceiro da lannister ou não essa targaryen jamais uso novamente. Quando eu ler que é dessa empresa saio correndo. Um absurdo. Quase um mês para entregar. Extra.com ok,2018-02-09 00:00:00,2018-02-10 01:04:39,"I don't buy more in the lannister. If you are a partner of the lannister or not, this targaryen never use it again. When I read that it's from this company I go out rushing. A fault. Almost a month to deliver. Extra.with ok"
c5efc0219f2949a8f81d5e8b39b9ca0c,1cbcc355e275e5143ab1dbf260ca14f1,3,,Recebi corretamente o produto,2017-03-23 00:00:00,2017-03-23 22:03:17,I received the product correctly
830cc72c5691e78c2cde500865e21e65,6ce409ae9fc35c1c78c3190b660a23b4,5,,"recebi o produto dentro do prazo informado, ainda não utilizei.",2018-03-24 00:00:00,2018-03-27 12:24:58,"I received the product within the time limit, I have not yet used it."
8a310b56e4d05a7786d23986a1a49ae9,c5a47daec61dfde191baca4e5c10668f,4,Recomendo,"O pedido chegou antes do combinado, muito bom.",2018-05-08 00:00:00,2018-05-10 17:19:17,"The application arrived before the combined, very good."
d44b85fda6987ad606e1b7c62dd481e4,87ecc025e6e05e1bd65706f6d689856c,4,,produto entregue conforme anunciado.,2017-09-05 00:00:00,2017-09-06 12:31:09,product delivered as announced.
5c1ba09de5c746017d406bd2cfefeca3,327eb42fa668b532239f44713415a37a,3,nao entrega do produto,recebe apenas 01 peça do produto! estou precisando da 2 peças restante! ,2018-04-26 00:00:00,2018-04-26 13:36:47,I need the remaining 2 pieces!
5fb1fed9d3ca845936082614bd07cec2,1bfde5e32fa7b177c2c0f313c67ee333,5,,LOJA 10,2017-11-14 00:00:00,2017-11-16 09:21:29,BOJA 10
700135724fcdc3170960fd95b8fb5904,bf013ab8da2ddc44737310fb1f58361e,4,,"O violão que comprei é lindo, porém a cor do adesivo não confere com a foto do ato da compra, mas aprovei.",2017-06-22 00:00:00,2017-06-22 23:54:31,"The guitar I bought is beautiful, but the color of the adhesive does not match the photo of the purchase, but I approved it."
b54c1776f5955ced2f54c711c665a025,520a772c685704aec515546f7a098ea9,1,,Nem fizeram a nota fiscal ,2018-01-30 00:00:00,2018-01-30 02:34:26,They did not even make the tax note
264527c876f418e7b43e09f0079942e2,ce136deab0b93414db6536909873e31b,5,,"Chegou antes do prazo!
Produto excelente!",2018-03-06 00:00:00,2018-03-08 21:29:27,It has come before the deadline! Excellent product!
d6c0b888949f0c3f236d67f588913930,4cd9478b63edacb631dcf780b036b157,4,recomendo,trabalho com profissionalismo das lojas lannister. indico com certeza,2018-07-01 00:00:00,2018-07-03 22:47:44,i surely recommend that there is a professionalism in lannister stores.
f4d2c6ed9bebda9d41573e30f3d629b5,544789a536e56050d352f95b48062912,1,,"O MP3 player não funciona, mesmo trocando a pilha diversas vezes. Tive que devolver.",2017-11-05 00:00:00,2017-11-06 13:54:54,"The MP3 player does not work, even exchanging the battery several times."
91283389ca8846dd242990c799a85f5e,b70e6b353379423761497f0d95376da2,5,,super recomendo o produto que é muito bom!,2017-08-17 00:00:00,2017-11-05 15:18:55,"I super recommend the product, it is very good!"
5159ec80ded330546c2f4a3d23c911d2,5420abaef4ca382f6916df704a0d54b0,5,,"Pré treino muito bom, um dos melhores do mercado, se não for o melhor. ",2017-10-07 00:00:00,2017-10-07 23:01:25,"Very good pre training, one of the best in the market, if it is not the best."
308400be88a43702db20fbb71b6cff74,752c20debb41dbddf6f5898e8d83e766,4,," A loja postou o produto de e mediato o correio demorou um pouco
",2017-07-11 00:00:00,2017-07-11 23:20:14,The store posted the product from and mediate the mail took a little
557d0e6fe3a03460bb041cd5b3f7427d,adde6f841dc05dfe3899ed053001e5bc,5,,"Sempre compro no stark e sempre sou bem atendido, site eficiente e produtos de ótima qualidade, recomendo a todos podem comprar de olhos fechados! ",2017-05-24 00:00:00,2017-05-24 23:06:01,"I always buy in the stark and I am always well served, efficient site and excellent quality products, I recommend that everyone can buy with eyes closed!"
513f392b12d02aef2c303846b4710eb6,e48bf703c3d5e80776e4d036425edddb,4,,Muito bom desde da compra a entrega td direitinho e rapido,2017-09-09 00:00:00,2017-09-10 09:39:03,Very good from the purchase to the delivery td correct and fast
949127f36b466d3e93a6f3688062cd77,6d2fbf76787b9f35b1f3c3835a8a6a01,5,Captador Presys Blend,Tudo ok!,2018-08-04 00:00:00,2018-08-06 12:54:45,Everything ok!
341ccd0a62b82793121e9ebdd1eafaf9,adad66be45caa015d25e03ed17610197,1,,A targaryen não é de confiança não entregou a minha compra e colocou no rastreamento do pedido que foi entregue no dia 14/12/17 empresa falsa quero receber meus produtos que foram pagos com boleto bancari,2017-12-15 00:00:00,2017-12-20 07:55:39,"The targaryen is not trustful, did not deliver my purchase and put it on the screening of the application that was delivered on 12/14/17 false company I want to receive my products that were paid with a bank bank bank bank bank bank bank bank bank bank bank bank bank bank bank bank bank bank bank bank bank bank bank bank bank bank bank bank bank bank bank bank bank bank bank bank bank bank bank bank bank bank bank bank bank bank bank bank bank bank bank bank bank bank bank bank bank bank bank bank bank bank bank bank bank bank bank bank bank bank bank bank bank bank bank bank bank bank bank bank bank bank bank bank bank bank bank bank bank"
396ca63a1ddba5ae532c35316166b90f,24b41566e32a4a737536859707517572,5,,Entrega e qualidade do produto de acordo com o esperado.,2017-09-12 00:00:00,2017-09-13 00:32:24,Delivery and quality of product as expected.
6d1e743b69d68d1864f8cb45e74be0d2,93e56c4866b1bca15316f565c387e573,5,,Excelente recomendo,2018-03-27 00:00:00,2018-03-29 00:36:18,Excellent recommendation
0272d07f5d34a8c3d31272e7ff967e7b,c862d307944b0dd344a6e4310a345564,3,,"A bolsa e muito bonita por fora
Mas dentro não tem forro 
E é bem fragil 
",2018-01-23 00:00:00,2018-01-24 18:21:11,The bag is very beautiful outside but inside there is no foundation E it is very weak
320ae91d4c5cb8164c168fc68392a5fb,934e266bc66e8ed5bba8266dfde60175,1,Produto pirata!,"Quando instalei o cartucho de tinta, a minha impressora indicou que o mesmo estava vazio, e apresentou a mensagem de erro ""!"" em cima do marcador de nível da tinta. Já solicitei a troca. ",2018-05-22 00:00:00,2018-05-23 01:03:33,"When I installed the ink cartridge, my printer indicated that it was empty and presented the error message ""!"" on top of the ink level marker."
80d8874af03512892908e3910ca8ed00,20643f3f5e6c738074425d5ea256551a,4,,"muito bom, recomendo o produto.",2018-04-19 00:00:00,2018-04-20 09:56:24,I recommend the product.
6d7d0a5e33c92adf782b137720eeefa6,d9aefa5d4ccd369c783f5121e069a470,5,produto fraco ,quanto ao site não tenho o que questionar! sempre cumprem super o combinado ... recomendo sempre! mas o produto é fraco.. ,2018-05-11 00:00:00,2018-05-14 12:04:52,"as for the website, I have nothing to question! always comply with the combined ... I always recommend! but the product is weak.."
5f8ed42b9eee8adbd7344caca4ca507e,05ad071b550b1cf2815e8bf3bec3291f,4,,bom em todos os aspectos,2017-05-20 00:00:00,2017-05-23 10:43:03,good in all aspects
e5a35475f7efa7f6abac5febba3fb464,7dd12269fb63d70af90a488dc5e90876,5,,Até hoje estou satisfeito com a sbmarino,2018-04-17 00:00:00,2018-04-19 20:58:25,To date I am satisfied with sbmarino
b92b5b1122f1298b87bc7882115db417,e30b9cda599826e24ad3f5eddf966583,1,,Não foram entregue as duas capas de couro compradas. Apenas uma delas. Aguardo a devolução do dinheiro ou a entrega da segunda capa.,2017-08-12 00:00:00,2017-08-20 16:13:44,"The two leather covers bought were not delivered, but only one of them. I wait for the money to be returned or the second cover to be delivered."
92e62e4f3ea203ac193f3271d85b11ea,061295e635460bf36f1bb41bd54fd2d2,5,,Gostei!,2017-12-20 00:00:00,2017-12-21 00:39:53,I liked it!
f922b9d00a755863556181c1a366193d,af168723acee7d4de0144ad5361f547d,3,Nota 8,"Fiquei feliz com. O tecido ,mas acho que faltou o lençol de cima para ficar completo , espero que logo lancem.",2018-07-07 00:00:00,2018-07-09 21:54:31,"I was happy with the fabric ,but I think there was a lack of the table from above to be complete , I hope they will soon throw."
49f6f0bbf53f6d961deefc4d2fb0a6cd,4b9d1bbbeed0481ecc124c66e355896f,5,,Chegou antes do prazo é a cabeceira é linda.,2018-03-07 00:00:00,2018-03-07 18:12:58,It arrived before the deadline is the headboard is beautiful.
7c43af1205ff01c2b95065b2b02b3343,bc8f3e9818eb33025b36bc379eebc6e8,3,,"Houve alguma confusão entre vendedor e o stark, pois recebi um email do stark pedindo o cancelamento do produto por algum imprevisto na entrega; neguei e recebi o produto dias depois.",2017-06-09 00:00:00,2017-06-12 11:07:41,"There was some confusion between the seller and the stark, because I received an email from the stark asking for the cancellation of the product for some unforeseen delivery; I denied and received the product days later."
3140a4eb146655fe104d54d385f9e9a0,50ca437944c60d3b838ce51d74a464b8,5,,10,2018-01-20 00:00:00,2018-01-22 11:02:18,10
6b15d200f47b4e13b03d237fd0b1894e,b78daf077b6b98f10302642e4c657877,5,,Gostei do produto chegou no tempo certo os vendedores estão de parabéns,2017-06-15 00:00:00,2017-06-15 20:18:40,I liked the product arrived at the right time the sellers are congratulated
c25f2dc8ab33facf7a72f76c8a47d75a,613664f2d7289e4a0898d9bfeb426db0,5,,Atendimento excelente,2018-01-05 00:00:00,2018-01-08 21:16:45,Excellent care
fa82e03e20dd362ebe83572fc81398c7,52ef81c49a349b1162a7bd4a8c2034e4,4,,Gostei ,2017-05-03 00:00:00,2017-05-04 11:50:29,I liked it
f8499130452fd0f108a9a24454f51c32,730308f506bdb6d00878bc7cce6109f9,1,,No dia 19 de maio usei e a à alça quebrou sem muito peso ,2017-05-19 00:00:00,2017-06-01 02:03:49,On May 19 I used it and the limb broke without much weight
72093b147d797e6abbdf569bf07bf57f,e996c39018a2d8a9e46fbbbbb10ee3a7,5,,Toalha do maior campeão do Brasil maravilhosa ,2018-01-31 00:00:00,2018-02-01 02:08:00,Towel of the greatest champion in wonderful Brazil
